-- phpMyAdmin SQL Dump
-- version 4.9.7
-- https://www.phpmyadmin.net/
--
-- Хост: localhost
-- Время создания: Сен 28 2022 г., 19:10
-- Версия сервера: 5.7.21-20-beget-5.7.21-20-1-log
-- Версия PHP: 5.6.40

SET SQL_MODE = "NO_AUTO_VALUE_ON_ZERO";
SET AUTOCOMMIT = 0;
START TRANSACTION;
SET time_zone = "+00:00";


/*!40101 SET @OLD_CHARACTER_SET_CLIENT=@@CHARACTER_SET_CLIENT */;
/*!40101 SET @OLD_CHARACTER_SET_RESULTS=@@CHARACTER_SET_RESULTS */;
/*!40101 SET @OLD_COLLATION_CONNECTION=@@COLLATION_CONNECTION */;
/*!40101 SET NAMES utf8mb4 */;

--
-- База данных: `davidkue_ds_bot`
--

DELIMITER $$
--
-- Процедуры
--
DROP PROCEDURE IF EXISTS `add_error`$$
CREATE DEFINER=`davidkue_ds_bot`@`localhost` PROCEDURE `add_error` (IN `id_user` BIGINT, IN `channel` VARCHAR(200), IN `member` VARCHAR(200), IN `command` VARCHAR(200), IN `error` VARCHAR(200))  BEGIN 
	INSERT INTO error_mes(id_user, channel, member, command, error) 
	VALUES (id_user, channel, member, command, error);
END$$

DROP PROCEDURE IF EXISTS `add_event`$$
CREATE DEFINER=`davidkue_ds_bot`@`localhost` PROCEDURE `add_event` (`id_event` BIGINT, `type` VARCHAR(20), `event_name` VARCHAR(100), `event_description` VARCHAR(5000), `date_start` DATETIME)  BEGIN 
	INSERT events (id, date_add, date_start, type, event_name, event_description, status) 
	VALUES (id_event, now(), date_start, type, event_name, event_description, 1);
END$$

DROP PROCEDURE IF EXISTS `add_user`$$
CREATE DEFINER=`davidkue_ds_bot`@`localhost` PROCEDURE `add_user` (IN `id_user` BIGINT, IN `user_name` VARCHAR(100), IN `rating` VARCHAR(20), IN `rating_value` INT, IN `role_1` VARCHAR(10), IN `role_2` VARCHAR(10), IN `role_3` VARCHAR(10), IN `role_4` VARCHAR(10), IN `role_5` VARCHAR(10), IN `discord_name` VARCHAR(100))  BEGIN 
	INSERT INTO users(id, user_name, rating, rating_value, role_1, role_2, role_3, role_4, role_5, discord_name) 
	VALUES (id_user, user_name, rating, rating_value, role_1, role_2, role_3, role_4, role_5, discord_name);
END$$

DROP PROCEDURE IF EXISTS `add_user_to_event`$$
CREATE DEFINER=`davidkue_ds_bot`@`localhost` PROCEDURE `add_user_to_event` (`id_ev` BIGINT, `id_us` BIGINT)  BEGIN 
DECLARE count_check INT;         
SET count_check = (SELECT count(*) FROM event_to_users where id_event = id_ev and id_user = id_us);
	IF ( count_check != 0) THEN
		SIGNAL SQLSTATE '45000'
		SET MESSAGE_TEXT = 'Уже зарегестрирован';
	END IF;
	INSERT event_to_users (id_event, id_user) 
	VALUES (id_ev, id_us);
END$$

DROP PROCEDURE IF EXISTS `all_users`$$
CREATE DEFINER=`davidkue_ds_bot`@`localhost` PROCEDURE `all_users` ()  BEGIN 
	SELECT *
    FROM users;
END$$

DROP PROCEDURE IF EXISTS `all_user_to_event`$$
CREATE DEFINER=`davidkue_ds_bot`@`localhost` PROCEDURE `all_user_to_event` (`id_ev` BIGINT)  BEGIN         
SELECT * 
FROM event_to_users as eu 
JOIN users as u on eu.id_user = u.id
JOIN events as e on eu.id_event = e.id
WHERE id_event = id_ev;
END$$

DROP PROCEDURE IF EXISTS `all_user_to_event_new`$$
CREATE DEFINER=`davidkue_ds_bot`@`localhost` PROCEDURE `all_user_to_event_new` (IN `id_ev` BIGINT)  BEGIN         
SELECT u.id, e.event_name, u.user_name, u.rating, u.role_1, u.role_2, u.role_3, u.role_4, u.role_5
FROM event_to_users as eu 
JOIN users as u on eu.id_user = u.id
JOIN events as e on eu.id_event = e.id
WHERE id_event = id_ev;
END$$

DROP PROCEDURE IF EXISTS `all_user_to_event_team`$$
CREATE DEFINER=`davidkue_ds_bot`@`localhost` PROCEDURE `all_user_to_event_team` (`id_ev` BIGINT)  BEGIN         
SELECT * 
FROM event_to_users as eu 
JOIN users as u on eu.id_user = u.id
JOIN events as e on eu.id_event = e.id
WHERE id_event = id_ev
ORDER BY team;
END$$

DROP PROCEDURE IF EXISTS `all_user_to_event_team_new`$$
CREATE DEFINER=`davidkue_ds_bot`@`localhost` PROCEDURE `all_user_to_event_team_new` (`id_ev` BIGINT)  BEGIN         
SELECT u.id, e.event_name, u.user_name, team, u.rating, u.rating_value, role
FROM event_to_users as eu 
JOIN users as u on eu.id_user = u.id
JOIN events as e on eu.id_event = e.id
WHERE id_event = id_ev
ORDER BY team;
END$$

DROP PROCEDURE IF EXISTS `ban_user`$$
CREATE DEFINER=`davidkue_ds_bot`@`localhost` PROCEDURE `ban_user` ()  BEGIN 
	SELECT *
    FROM users
    WHERE ban = TRUE;
END$$

DROP PROCEDURE IF EXISTS `check_event`$$
CREATE DEFINER=`davidkue_ds_bot`@`localhost` PROCEDURE `check_event` (`id_event` BIGINT)  BEGIN 
	SELECT *
    FROM events
    WHERE id = id_event;
END$$

DROP PROCEDURE IF EXISTS `check_user`$$
CREATE DEFINER=`davidkue_ds_bot`@`localhost` PROCEDURE `check_user` (IN `id_user` BIGINT)  BEGIN 
	SELECT *
    FROM users
    WHERE id = id_user;
END$$

DROP PROCEDURE IF EXISTS `check_user_to_event`$$
CREATE DEFINER=`davidkue_ds_bot`@`localhost` PROCEDURE `check_user_to_event` (`id_ev` BIGINT, `id_us` BIGINT)  BEGIN         
SELECT * 
FROM event_to_users 
WHERE id_event = id_ev and id_user = id_us;
END$$

DROP PROCEDURE IF EXISTS `check_user_to_me`$$
CREATE DEFINER=`davidkue_ds_bot`@`localhost` PROCEDURE `check_user_to_me` (IN `id_user` BIGINT)  BEGIN 
	SELECT *,(DATE(e.date_start)-DATE(now()))*86400  + (HOUR(e.date_start)-HOUR(now()))*3600 + (MINUTE(e.date_start)-MINUTE(now()))*60 + (SECOND(e.date_start) - SECOND(now())) as sec
    FROM users as u
	left JOIN event_to_users as eu on eu.id_user = u.id
    left JOIN events as e on eu.id_event = e.id
    WHERE u.id = id_user
    Order by e.status DESC, sec;
END$$

DROP PROCEDURE IF EXISTS `check_user_to_me_new`$$
CREATE DEFINER=`davidkue_ds_bot`@`localhost` PROCEDURE `check_user_to_me_new` (IN `id_user` BIGINT)  BEGIN 
SELECT u.id, u.user_name, u.rating, u.rating_value, u.role_1, u.role_2, u.role_3, u.role_4, u.role_5, u.discord_name,
e.id, e.event_name, team, role, status,
(DATE(e.date_start)-DATE(now()))*86400  + (HOUR(e.date_start)-HOUR(now()))*3600 + (MINUTE(e.date_start)-MINUTE(now()))*60 + (SECOND(e.date_start) - SECOND(now())) as sec
FROM users as u
left JOIN event_to_users as eu on eu.id_user = u.id
left JOIN events as e on eu.id_event = e.id
WHERE u.id = id_user
Order by e.status DESC, sec;
END$$

DROP PROCEDURE IF EXISTS `delete_user_to_event`$$
CREATE DEFINER=`davidkue_ds_bot`@`localhost` PROCEDURE `delete_user_to_event` (`id_ev` BIGINT, `id_us` BIGINT)  BEGIN 
DECLARE count_check INT;         
SET count_check = (SELECT count(*) FROM event_to_users where id_event = id_ev and id_user = id_us);
	IF ( count_check = 0) THEN
		SIGNAL SQLSTATE '45000'
		SET MESSAGE_TEXT = 'Еще не зарегестрирован';
	END IF;
	DELETE FROM event_to_users 
    WHERE id_event = id_ev and id_user = id_us;
END$$

DROP PROCEDURE IF EXISTS `edit_event`$$
CREATE DEFINER=`davidkue_ds_bot`@`localhost` PROCEDURE `edit_event` (`id_event` BIGINT, `date_start` DATETIME, `type` VARCHAR(20), `event_name` VARCHAR(100), `status` INT)  BEGIN 
	UPDATE events
    SET date_start = date_start , type = type, event_name = event_name, status = status
	WHERE id = id_event;
END$$

DROP PROCEDURE IF EXISTS `edit_reserve_user_to_event`$$
CREATE DEFINER=`davidkue_ds_bot`@`localhost` PROCEDURE `edit_reserve_user_to_event` (`id_us` BIGINT, `id_ev` BIGINT)  BEGIN 
	UPDATE event_to_users
    SET reserve = 1
    WHERE id_user = id_us and id_event = id_ev;
END$$

DROP PROCEDURE IF EXISTS `edit_team_role_user_to_event`$$
CREATE DEFINER=`davidkue_ds_bot`@`localhost` PROCEDURE `edit_team_role_user_to_event` (`id_us` BIGINT, `id_ev` BIGINT, `team` VARCHAR(100), `role` VARCHAR(10))  BEGIN 
	UPDATE event_to_users
    SET team = team, role = role
    WHERE id_user = id_us and id_event = id_ev;
END$$

DROP PROCEDURE IF EXISTS `edit_user`$$
CREATE DEFINER=`davidkue_ds_bot`@`localhost` PROCEDURE `edit_user` (`id_user` BIGINT, `user_name` VARCHAR(100), `rating` VARCHAR(20), `rating_value` INT, `role_1` VARCHAR(10), `role_2` VARCHAR(10), `role_3` VARCHAR(10), `role_4` VARCHAR(10), `role_5` VARCHAR(10), `ban` BOOL)  BEGIN 
	UPDATE users
    SET user_name = user_name , rating = rating, rating_value = rating_value, role_1 = role_1, 
		 role_2 = role_2, role_3 = role_3, role_4 = role_4, role_5 = role_5, ban = ban
	WHERE id = id_user;
END$$

DROP PROCEDURE IF EXISTS `edit_user_discord_name`$$
CREATE DEFINER=`davidkue_ds_bot`@`localhost` PROCEDURE `edit_user_discord_name` (`id_user` BIGINT, `discord_name` VARCHAR(100))  BEGIN 
	UPDATE users
    SET discord_name = discord_name
	WHERE id = id_user;
END$$

DELIMITER ;

-- --------------------------------------------------------

--
-- Структура таблицы `error_mes`
--
-- Создание: Сен 08 2022 г., 20:15
--

DROP TABLE IF EXISTS `error_mes`;
CREATE TABLE `error_mes` (
  `id` int(11) NOT NULL,
  `id_user` bigint(20) NOT NULL,
  `channel` varchar(200) NOT NULL,
  `member` varchar(200) NOT NULL,
  `command` varchar(200) NOT NULL,
  `error` varchar(200) NOT NULL
) ENGINE=InnoDB DEFAULT CHARSET=utf8;

--
-- Дамп данных таблицы `error_mes`
--

INSERT INTO `error_mes` (`id`, `id_user`, `channel`, `member`, `command`, `error`) VALUES
(0, 178963010751168512, 'основной', 'Ябля', 'registration', 'error \'1318 (42000): Incorrect number of arguments for PROCEDURE davidkue_ds_bot.add_user; expected 9, got 10\' occurred');

-- --------------------------------------------------------

--
-- Структура таблицы `events`
--
-- Создание: Сен 08 2022 г., 20:04
-- Последнее обновление: Сен 24 2022 г., 18:17
--

DROP TABLE IF EXISTS `events`;
CREATE TABLE `events` (
  `id` bigint(20) NOT NULL,
  `date_add` datetime NOT NULL,
  `date_start` datetime NOT NULL,
  `type` varchar(20) NOT NULL,
  `event_name` varchar(100) NOT NULL,
  `event_description` varchar(5000) NOT NULL,
  `status` int(11) NOT NULL
) ENGINE=InnoDB DEFAULT CHARSET=utf8;

--
-- Дамп данных таблицы `events`
--

INSERT INTO `events` (`id`, `date_add`, `date_start`, `type`, `event_name`, `event_description`, `status`) VALUES
(1017878325944918156, '2022-09-09 22:25:04', '2022-09-10 22:00:00', 'Командный', 'Тестовое событие 1', 'Тестовое событие 1Тестовое событие 1Тестовое событие 1Тестовое событие 1Тестовое событие 1Тестовое событие 1Тестовое событие 1', 1),
(1018084991504232529, '2022-09-10 12:06:18', '2022-09-10 22:22:22', 'Потосовка', '111', '111', 0),
(1018085355183939594, '2022-09-10 12:07:44', '2022-09-10 12:08:00', 'Потосовка', '11111', '11111', 0),
(1018167402229399582, '2022-09-10 17:33:46', '2022-09-10 18:00:00', 'Потосовка', 'TA RTC', 'Турнир формата RTC. Проходит в формате трех самостоятельных раундов, команды на который будут подбираться рандомно с помощью нашего бота в дискорде.  Напоминаем, что игроки, набравшие больше всего баллов в конце месяца, получают награду от нашей арены.', 0),
(1018190047046025246, '2022-09-10 19:03:45', '2022-09-10 19:20:00', 'Потосовка', 'TA RTC', 'Второй раунд регулярного RTC турнира', 0),
(1018204155837427832, '2022-09-10 19:59:49', '2022-09-10 20:10:00', 'Потосовка', 'TA RTC', '3 раунд регулярного формата', 0),
(1018528931277721691, '2022-09-11 17:30:21', '2022-09-11 17:30:10', 'Потосовка', 'Потасовка', 'Потасовка Р1', 0),
(1018539517965246564, '2022-09-11 18:12:25', '2022-09-11 18:20:00', 'Потосовка', 'TA RTC', '111', 0),
(1018562707554832404, '2022-09-11 19:44:34', '2022-09-12 10:00:00', 'Командный', 'тест1', '123', 2),
(1018562838828175381, '2022-09-11 19:45:05', '2022-09-12 10:00:00', 'Командный', 'тест1', '123', 2),
(1018670644306649239, '2022-09-12 02:53:28', '2022-09-12 10:00:00', 'Командный', 'тест1', '123', 1),
(1018671694690386060, '2022-09-12 02:57:38', '2022-09-12 10:00:00', 'Командный', 'тест1', '123', 1),
(1018671888500785272, '2022-09-12 02:58:24', '2022-09-12 10:00:00', 'Командный', 'тест1', '123', 1),
(1018672026778599525, '2022-09-12 02:58:58', '2022-09-12 10:00:00', 'Командный', 'тест1', '123', 1),
(1018672705341505568, '2022-09-12 03:01:39', '2022-09-12 10:00:00', 'Командный', 'тест1', '123', 0),
(1018675983961817098, '2022-09-12 03:14:41', '2022-09-12 10:00:00', 'Командный', 'тест1', '123', 0),
(1020101888185733120, '2022-09-16 01:40:43', '2022-09-12 10:00:00', 'Командный', 'тест1', '123', 0),
(1020102295893049436, '2022-09-16 01:42:20', '2022-09-12 10:00:00', 'Командный', 'тест1', '123', 1),
(1020102444434333746, '2022-09-16 01:42:55', '2022-09-12 10:00:00', 'Командный', 'тест1', '123', 1),
(1020102631722602657, '2022-09-16 01:43:40', '2022-09-12 10:00:00', 'Командный', 'тест1', '123', 1),
(1020103151765966949, '2022-09-16 01:45:44', '2022-09-12 10:00:00', 'Командный', 'тест1', '123', 0),
(1020103430775259168, '2022-09-16 01:46:51', '2022-09-12 10:00:00', 'Командный', 'тест1', '123', 1),
(1020103597674987610, '2022-09-16 01:47:30', '2022-09-12 10:00:00', 'Командный', 'тест1', '123', 0),
(1020103945865146418, '2022-09-16 01:48:53', '2022-09-12 10:00:00', 'Командный', 'тест1', '123', 1),
(1020104068292681740, '2022-09-16 01:49:23', '2022-09-12 10:00:00', 'Командный', 'тест1', '123', 1),
(1020104344500191272, '2022-09-16 01:50:28', '2022-09-12 10:00:00', 'Командный', 'тест1', '123', 0),
(1020104888694345768, '2022-09-16 01:52:38', '2022-09-12 10:00:00', 'Командный', 'тест1', '123', 1),
(1020105084450906155, '2022-09-16 01:53:25', '2022-09-12 10:00:00', 'Командный', 'тест1', '123', 1),
(1020105626623418418, '2022-09-16 01:55:34', '2022-09-12 10:00:00', 'Командный', 'тест1', '123', 1),
(1020105839438221332, '2022-09-16 01:56:25', '2022-09-12 10:00:00', 'Командный', 'тест1', '123', 2),
(1020105963535093760, '2022-09-16 01:56:55', '2022-09-12 10:00:00', 'Командный', 'тест1', '123', 2),
(1020106537055830088, '2022-09-16 01:59:11', '2022-09-25 10:00:00', 'Командный', 'тест13', '1233', 1),
(1020106883165605988, '2022-09-16 02:00:34', '2022-09-25 10:00:00', 'Командный', 'тест13', '1233', 1),
(1020107216088465418, '2022-09-16 02:01:53', '2022-09-25 10:00:00', 'Командный', 'тест13', '1233', 1),
(1020107422746021938, '2022-09-16 02:02:42', '2022-09-25 10:00:00', 'Командный', 'тест13', '1233', 1),
(1020107590375583818, '2022-09-16 02:03:22', '2022-09-25 10:00:00', 'Командный', 'тест13', '1233', 1),
(1020356734159683695, '2022-09-16 18:33:24', '2022-09-16 19:00:00', 'Потасовка', 'Турнир ARAM', 'Первый раунд нашего регулярного ARAM турнира', 0),
(1020370184915144715, '2022-09-16 19:26:50', '2022-09-16 19:40:00', 'Потасовка', 'Турнир ARAM', 'Второй раунд ARAM турнира', 0),
(1020384156951248937, '2022-09-16 20:22:22', '2022-09-16 20:40:00', 'Потасовка', 'РТК ARAM', '3 раунд ARAM турнира', 0),
(1020391449331769414, '2022-09-16 20:51:20', '2022-09-16 21:20:00', 'Потасовка', 'Турнир ARAM', 'Четвертый(!) раунд ARAM RTC', 0),
(1022140681784934511, '2022-09-21 16:42:09', '2022-09-25 10:00:00', 'Командный', 'тест2', '1233', 1),
(1022140890527043666, '2022-09-21 16:42:59', '2022-09-25 10:00:00', 'Командный', 'тест3', '1233', 1),
(1022145735749283863, '2022-09-21 17:02:15', '2022-09-25 10:00:00', 'Командный', 'тест4', '1233', 1),
(1022145777943969802, '2022-09-21 17:02:25', '2022-09-25 10:00:00', 'Командный', 'тест4', '1233', 1),
(1023239954794561697, '2022-09-24 17:30:16', '2022-09-24 18:00:00', 'Потасовка', 'TA RTC Раунд 1', 'Первый раунд регулярного RTC турнира', 0),
(1023265012707495956, '2022-09-24 19:09:50', '2022-09-24 19:30:00', 'Потасовка', 'TA RTC Раунд 2', 'Второй раунд регулярного RTC турнира', 0),
(1023277473418461294, '2022-09-24 19:59:21', '2022-09-24 20:20:00', 'Потасовка', 'TA RTC Раунд 3', 'Третий раунд регулярного RTC турнира', 0);

-- --------------------------------------------------------

--
-- Структура таблицы `event_to_users`
--
-- Создание: Сен 15 2022 г., 23:48
-- Последнее обновление: Сен 24 2022 г., 17:10
--

DROP TABLE IF EXISTS `event_to_users`;
CREATE TABLE `event_to_users` (
  `id` int(11) NOT NULL,
  `id_user` bigint(20) NOT NULL,
  `id_event` bigint(20) NOT NULL,
  `team` varchar(100) DEFAULT NULL,
  `role` varchar(10) DEFAULT NULL,
  `reserve` tinyint(1) NOT NULL DEFAULT '0'
) ENGINE=InnoDB DEFAULT CHARSET=utf8;

--
-- Дамп данных таблицы `event_to_users`
--

INSERT INTO `event_to_users` (`id`, `id_user`, `id_event`, `team`, `role`, `reserve`) VALUES
(5, 258478668559417344, 1018167402229399582, 'Команда 1', 'Топ', 0),
(6, 373765350761824256, 1018167402229399582, 'Команда 4', 'Саппорт', 0),
(7, 442594702387183626, 1018167402229399582, 'Команда 4', 'Мид', 0),
(8, 598834824685551626, 1018167402229399582, 'Команда 1', 'Мид', 0),
(9, 349985050642612224, 1018167402229399582, 'Команда 4', 'Бот', 0),
(10, 853545183793774632, 1018167402229399582, 'Команда 2', 'Саппорт', 0),
(11, 527498665666019328, 1018167402229399582, 'Команда 4', 'Топ', 0),
(12, 419420347155087371, 1018167402229399582, 'Команда 1', 'Саппорт', 0),
(13, 400128104204337154, 1018167402229399582, 'Команда 3', 'Саппорт', 0),
(14, 539779706757578756, 1018167402229399582, 'Команда 1', 'Лес', 0),
(15, 546421701878218753, 1018167402229399582, 'Команда 3', 'Лес', 0),
(16, 293310291607945216, 1018167402229399582, 'Команда 2', 'Топ', 0),
(17, 917832705859809310, 1018167402229399582, 'Команда 4', 'Лес', 0),
(19, 335091359469928449, 1018167402229399582, 'Команда 2', 'Мид', 0),
(20, 843177475017277471, 1018167402229399582, 'Команда 3', 'Топ', 0),
(21, 325879029141995520, 1018167402229399582, 'Команда 2', 'Бот', 0),
(22, 252514308271898625, 1018167402229399582, NULL, NULL, 1),
(23, 277851929780944896, 1018167402229399582, 'Команда 3', 'Бот', 0),
(24, 298472656401989634, 1018167402229399582, 'Команда 2', 'Лес', 0),
(25, 735921657960595576, 1018167402229399582, 'Команда 3', 'Мид', 0),
(26, 479546758477905921, 1018167402229399582, 'Команда 1', 'Бот', 0),
(27, 735921657960595576, 1018190047046025246, 'Команда 2', 'Топ', 0),
(28, 325879029141995520, 1018190047046025246, NULL, NULL, 1),
(29, 400128104204337154, 1018190047046025246, NULL, NULL, 1),
(30, 843177475017277471, 1018190047046025246, NULL, NULL, 1),
(31, 258478668559417344, 1018190047046025246, 'Команда 1', 'Топ', 0),
(32, 917832705859809310, 1018190047046025246, NULL, NULL, 1),
(33, 598834824685551626, 1018190047046025246, 'Команда 2', 'Мид', 0),
(34, 335091359469928449, 1018190047046025246, 'Команда 1', 'Мид', 0),
(35, 373765350761824256, 1018190047046025246, 'Команда 1', 'Саппорт', 0),
(36, 293310291607945216, 1018190047046025246, NULL, NULL, 1),
(37, 527498665666019328, 1018190047046025246, NULL, NULL, 1),
(38, 349985050642612224, 1018190047046025246, 'Команда 1', 'Бот', 0),
(39, 539779706757578756, 1018190047046025246, NULL, NULL, 1),
(40, 264462303234097152, 1018190047046025246, 'Команда 2', 'Лес', 0),
(41, 853545183793774632, 1018190047046025246, 'Команда 2', 'Саппорт', 0),
(44, 277851929780944896, 1018190047046025246, 'Команда 1', 'Лес', 0),
(46, 224616002749595649, 1018190047046025246, 'Команда 2', 'Бот', 0),
(47, 264462303234097152, 1018204155837427832, 'Команда 2', 'Лес', 0),
(49, 527498665666019328, 1018204155837427832, 'Команда 1', 'Топ', 0),
(50, 647882829434191873, 1018204155837427832, NULL, NULL, 1),
(51, 853545183793774632, 1018204155837427832, 'Команда 2', 'Саппорт', 0),
(52, 293310291607945216, 1018204155837427832, 'Команда 1', 'Бот', 0),
(53, 400128104204337154, 1018204155837427832, 'Команда 1', 'Саппорт', 0),
(54, 598834824685551626, 1018204155837427832, 'Команда 2', 'Мид', 0),
(55, 349985050642612224, 1018204155837427832, 'Команда 1', 'Лес', 0),
(56, 258478668559417344, 1018204155837427832, NULL, NULL, 1),
(57, 917832705859809310, 1018204155837427832, NULL, NULL, 1),
(58, 277851929780944896, 1018204155837427832, 'Команда 1', 'Мид', 0),
(59, 325879029141995520, 1018204155837427832, 'Команда 2', 'Бот', 0),
(60, 843177475017277471, 1018204155837427832, 'Команда 2', 'Топ', 0),
(61, 539779706757578756, 1018528931277721691, 'Команда 2', 'Бот', 0),
(62, 373765350761824256, 1018528931277721691, 'Команда 1', 'Бот', 0),
(63, 258478668559417344, 1018528931277721691, 'Команда 3', 'Топ', 0),
(65, 647882829434191873, 1018528931277721691, 'Команда 1', 'Топ', 0),
(66, 627471897147211776, 1018528931277721691, 'Команда 2', 'Мид', 0),
(67, 729998120737308704, 1018528931277721691, 'Команда 3', 'Лес', 0),
(68, 385829798305595397, 1018528931277721691, 'Команда 2', 'Топ', 0),
(69, 349985050642612224, 1018528931277721691, 'Команда 4', 'Бот', 0),
(70, 328532262880804868, 1018528931277721691, 'Команда 1', 'Лес', 0),
(71, 527498665666019328, 1018528931277721691, 'Команда 4', 'Топ', 0),
(72, 455242436042817536, 1018528931277721691, 'Команда 3', 'Саппорт', 0),
(73, 325879029141995520, 1018528931277721691, 'Команда 3', 'Бот', 0),
(74, 293310291607945216, 1018528931277721691, 'Команда 4', 'Саппорт', 0),
(75, 853545183793774632, 1018528931277721691, 'Команда 4', 'Мид', 0),
(76, 934397371805216809, 1018528931277721691, 'Команда 3', 'Мид', 0),
(77, 352525312401342467, 1018528931277721691, 'Команда 2', 'Лес', 0),
(79, 598834824685551626, 1018528931277721691, 'Команда 2', 'Саппорт', 0),
(80, 546421701878218753, 1018528931277721691, 'Команда 4', 'Лес', 0),
(81, 554634979942858777, 1018528931277721691, 'Команда 1', 'Мид', 0),
(82, 283223560754036737, 1018528931277721691, 'Команда 1', 'Саппорт', 0),
(84, 527498665666019328, 1018539517965246564, 'Команда 4', 'Топ', 0),
(85, 373765350761824256, 1018539517965246564, 'Команда 2', 'Мид', 0),
(86, 349985050642612224, 1018539517965246564, 'Команда 2', 'Бот', 0),
(87, 293310291607945216, 1018539517965246564, 'Команда 1', 'Топ', 0),
(88, 853545183793774632, 1018539517965246564, 'Команда 4', 'Саппорт', 0),
(89, 258478668559417344, 1018539517965246564, 'Команда 3', 'Топ', 0),
(90, 328532262880804868, 1018539517965246564, 'Команда 2', 'Саппорт', 0),
(91, 385829798305595397, 1018539517965246564, 'Команда 2', 'Топ', 0),
(92, 598834824685551626, 1018539517965246564, 'Команда 4', 'Мид', 0),
(93, 627471897147211776, 1018539517965246564, 'Команда 1', 'Саппорт', 0),
(94, 554634979942858777, 1018539517965246564, 'Команда 1', 'Мид', 0),
(95, 539779706757578756, 1018539517965246564, 'Команда 3', 'Бот', 0),
(96, 352525312401342467, 1018539517965246564, 'Команда 1', 'Лес', 0),
(97, 934397371805216809, 1018539517965246564, 'Команда 3', 'Мид', 0),
(98, 546421701878218753, 1018539517965246564, 'Команда 4', 'Лес', 0),
(99, 325879029141995520, 1018539517965246564, 'Команда 1', 'Бот', 0),
(100, 455242436042817536, 1018539517965246564, 'Команда 2', 'Лес', 0),
(101, 647882829434191873, 1018539517965246564, 'Команда 3', 'Саппорт', 0),
(102, 729998120737308704, 1018539517965246564, 'Команда 3', 'Лес', 0),
(103, 283223560754036737, 1018539517965246564, 'Команда 4', 'Бот', 0),
(104, 87830439460364288, 1018562838828175381, 'Команда 2', 'Бот', 0),
(105, 132211807241633792, 1018562838828175381, 'Команда 1', 'Мид', 0),
(106, 141579934731599872, 1018562838828175381, 'Команда 1', 'Бот', 0),
(107, 157745187328753664, 1018562838828175381, 'Команда 2', 'Лес', 0),
(108, 165167705425575936, 1018562838828175381, 'Команда 1', 'Лес', 0),
(109, 175103509908160512, 1018562838828175381, 'Команда 2', 'Мид', 0),
(110, 178963010751168512, 1018562838828175381, 'Команда 1', 'Саппорт', 0),
(111, 189708173236633600, 1018562838828175381, 'Команда 2', 'Топ', 0),
(112, 209355281874944001, 1018562838828175381, 'Команда 1', 'Топ', 0),
(113, 210884350902927361, 1018562838828175381, 'Команда 2', 'Саппорт', 0),
(114, 178963010751168512, 1020101888185733120, NULL, NULL, 1),
(122, 539779706757578756, 1020356734159683695, 'Команда 2', 'Лес', 0),
(123, 598834824685551626, 1020356734159683695, NULL, NULL, 1),
(124, 917832705859809310, 1020356734159683695, 'Команда 1', 'Топ', 0),
(126, 277851929780944896, 1020356734159683695, 'Команда 2', 'Бот', 0),
(127, 447136634563985408, 1020356734159683695, 'Команда 1', 'Бот', 0),
(128, 647882829434191873, 1020356734159683695, NULL, NULL, 1),
(129, 335091359469928449, 1020356734159683695, 'Команда 1', 'Мид', 0),
(130, 349985050642612224, 1020356734159683695, 'Команда 1', 'Саппорт', 0),
(131, 293310291607945216, 1020356734159683695, NULL, NULL, 1),
(132, 853545183793774632, 1020356734159683695, 'Команда 2', 'Мид', 0),
(133, 627471897147211776, 1020356734159683695, 'Команда 2', 'Саппорт', 0),
(134, 843177475017277471, 1020356734159683695, 'Команда 2', 'Топ', 0),
(135, 328532262880804868, 1020356734159683695, 'Команда 1', 'Лес', 0),
(136, 349985050642612224, 1020370184915144715, 'Команда 2', 'Бот', 0),
(137, 917832705859809310, 1020370184915144715, 'Команда 4', 'Топ', 0),
(138, 527498665666019328, 1020370184915144715, 'Команда 1', 'Топ', 0),
(139, 293310291607945216, 1020370184915144715, 'Команда 3', 'Топ', 0),
(140, 627471897147211776, 1020370184915144715, 'Команда 1', 'Мид', 0),
(141, 335091359469928449, 1020370184915144715, 'Команда 3', 'Саппорт', 0),
(142, 271993555164069890, 1020370184915144715, 'Команда 3', 'Мид', 0),
(143, 843177475017277471, 1020370184915144715, 'Команда 4', 'Саппорт', 0),
(144, 598834824685551626, 1020370184915144715, 'Команда 1', 'Саппорт', 0),
(145, 328532262880804868, 1020370184915144715, 'Команда 3', 'Лес', 0),
(146, 264462303234097152, 1020370184915144715, 'Команда 1', 'Лес', 0),
(147, 277851929780944896, 1020370184915144715, 'Команда 1', 'Бот', 0),
(148, 539779706757578756, 1020370184915144715, 'Команда 3', 'Бот', 0),
(149, 647882829434191873, 1020370184915144715, 'Команда 2', 'Топ', 0),
(150, 853545183793774632, 1020370184915144715, 'Команда 4', 'Мид', 0),
(152, 722770021264392272, 1020370184915144715, 'Команда 2', 'Лес', 0),
(153, 298472656401989634, 1020370184915144715, 'Команда 4', 'Лес', 0),
(155, 258478668559417344, 1020370184915144715, 'Команда 2', 'Саппорт', 0),
(156, 283223560754036737, 1020370184915144715, 'Команда 2', 'Мид', 0),
(157, 224616002749595649, 1020370184915144715, 'Команда 4', 'Бот', 0),
(158, 349985050642612224, 1020384156951248937, 'Команда 2', 'Бот', 0),
(159, 271993555164069890, 1020384156951248937, 'Команда 1', 'Мид', 0),
(160, 598834824685551626, 1020384156951248937, 'Команда 2', 'Саппорт', 0),
(161, 277851929780944896, 1020384156951248937, 'Команда 1', 'Бот', 0),
(163, 293310291607945216, 1020384156951248937, NULL, NULL, 1),
(164, 527498665666019328, 1020384156951248937, 'Команда 2', 'Топ', 0),
(165, 917832705859809310, 1020384156951248937, 'Команда 1', 'Лес', 0),
(166, 165167705425575936, 1020384156951248937, 'Команда 2', 'Лес', 0),
(167, 264462303234097152, 1020384156951248937, NULL, NULL, 1),
(168, 258478668559417344, 1020384156951248937, 'Команда 1', 'Топ', 0),
(169, 627471897147211776, 1020384156951248937, 'Команда 2', 'Мид', 0),
(170, 853545183793774632, 1020384156951248937, 'Команда 1', 'Саппорт', 0),
(171, 349985050642612224, 1020391449331769414, 'Команда 1', 'Бот', 0),
(172, 165167705425575936, 1020391449331769414, 'Команда 2', 'Лес', 0),
(173, 271993555164069890, 1020391449331769414, 'Команда 1', 'Мид', 0),
(174, 647882829434191873, 1020391449331769414, 'Команда 2', 'Топ', 0),
(175, 527498665666019328, 1020391449331769414, 'Команда 1', 'Лес', 0),
(176, 917832705859809310, 1020391449331769414, 'Команда 1', 'Саппорт', 0),
(177, 293310291607945216, 1020391449331769414, 'Команда 2', 'Саппорт', 0),
(178, 598834824685551626, 1020391449331769414, 'Команда 2', 'Мид', 0),
(179, 277851929780944896, 1020391449331769414, 'Команда 2', 'Бот', 0),
(180, 258478668559417344, 1020391449331769414, 'Команда 1', 'Топ', 0),
(181, 178963010751168512, 1020107590375583818, NULL, NULL, 0),
(185, 178963010751168512, 1022140890527043666, NULL, NULL, 0),
(186, 400128104204337154, 1023239954794561697, 'Команда 4', 'Топ', 0),
(187, 539779706757578756, 1023239954794561697, 'Команда 3', 'Бот', 0),
(188, 598834824685551626, 1023239954794561697, 'Команда 3', 'Саппорт', 0),
(189, 311892439130701834, 1023239954794561697, 'Команда 1', 'Топ', 0),
(190, 271993555164069890, 1023239954794561697, 'Команда 3', 'Мид', 0),
(191, 165167705425575936, 1023239954794561697, 'Команда 1', 'Лес', 0),
(192, 277851929780944896, 1023239954794561697, 'Команда 4', 'Бот', 0),
(193, 366211242563469315, 1023239954794561697, 'Команда 1', 'Мид', 0),
(194, 328532262880804868, 1023239954794561697, 'Команда 2', 'Лес', 0),
(195, 466459471699378187, 1023239954794561697, 'Команда 2', 'Топ', 0),
(196, 325879029141995520, 1023239954794561697, 'Команда 2', 'Бот', 0),
(197, 279279844632690698, 1023239954794561697, NULL, NULL, 1),
(198, 283241843766853632, 1023239954794561697, 'Команда 4', 'Мид', 0),
(199, 846060243410878484, 1023239954794561697, 'Команда 4', 'Лес', 0),
(200, 647882829434191873, 1023239954794561697, 'Команда 3', 'Топ', 0),
(201, 349985050642612224, 1023239954794561697, 'Команда 1', 'Бот', 0),
(202, 934397371805216809, 1023239954794561697, 'Команда 4', 'Саппорт', 0),
(203, 495831776724516875, 1023239954794561697, 'Команда 2', 'Саппорт', 0),
(204, 419420347155087371, 1023239954794561697, 'Команда 1', 'Саппорт', 0),
(205, 298472656401989634, 1023239954794561697, 'Команда 3', 'Лес', 0),
(206, 442594702387183626, 1023239954794561697, 'Команда 2', 'Мид', 0),
(207, 271993555164069890, 1023265012707495956, 'Команда 3', 'Мид', 0),
(208, 349985050642612224, 1023265012707495956, 'Команда 2', 'Бот', 0),
(209, 442594702387183626, 1023265012707495956, 'Команда 4', 'Мид', 0),
(210, 495831776724516875, 1023265012707495956, 'Команда 1', 'Мид', 0),
(211, 279279844632690698, 1023265012707495956, 'Команда 3', 'Саппорт', 0),
(212, 539779706757578756, 1023265012707495956, 'Команда 1', 'Бот', 0),
(213, 546024588669222922, 1023265012707495956, 'Команда 4', 'Саппорт', 0),
(214, 325879029141995520, 1023265012707495956, 'Команда 3', 'Бот', 0),
(215, 694250981101142126, 1023265012707495956, 'Команда 1', 'Лес', 0),
(216, 598834824685551626, 1023265012707495956, 'Команда 2', 'Мид', 0),
(217, 685815604216725705, 1023265012707495956, 'Команда 2', 'Саппорт', 0),
(218, 311892439130701834, 1023265012707495956, 'Команда 4', 'Топ', 0),
(219, 293310291607945216, 1023265012707495956, 'Команда 1', 'Топ', 0),
(220, 917832705859809310, 1023265012707495956, 'Команда 2', 'Лес', 0),
(221, 258478668559417344, 1023265012707495956, 'Команда 2', 'Топ', 0),
(222, 157745187328753664, 1023265012707495956, 'Команда 3', 'Топ', 0),
(223, 277851929780944896, 1023265012707495956, 'Команда 4', 'Бот', 0),
(224, 647882829434191873, 1023265012707495956, 'Команда 1', 'Саппорт', 0),
(225, 165167705425575936, 1023265012707495956, 'Команда 4', 'Лес', 0),
(226, 298472656401989634, 1023265012707495956, 'Команда 3', 'Лес', 0),
(227, 647882829434191873, 1023277473418461294, NULL, NULL, 1),
(228, 325879029141995520, 1023277473418461294, 'Команда 2', 'Бот', 0),
(229, 311892439130701834, 1023277473418461294, 'Команда 2', 'Саппорт', 0),
(230, 258478668559417344, 1023277473418461294, 'Команда 2', 'Топ', 0),
(231, 917832705859809310, 1023277473418461294, NULL, NULL, 1),
(232, 293310291607945216, 1023277473418461294, 'Команда 1', 'Топ', 0),
(233, 279279844632690698, 1023277473418461294, 'Команда 1', 'Саппорт', 0),
(234, 598834824685551626, 1023277473418461294, NULL, NULL, 1),
(235, 685815604216725705, 1023277473418461294, 'Команда 1', 'Бот', 0),
(236, 546024588669222922, 1023277473418461294, NULL, NULL, 1),
(237, 349985050642612224, 1023277473418461294, NULL, NULL, 1),
(238, 165167705425575936, 1023277473418461294, 'Команда 1', 'Лес', 0),
(239, 539779706757578756, 1023277473418461294, 'Команда 1', 'Мид', 0),
(240, 495831776724516875, 1023277473418461294, NULL, NULL, 1),
(241, 442594702387183626, 1023277473418461294, NULL, NULL, 1),
(242, 694250981101142126, 1023277473418461294, 'Команда 2', 'Лес', 0),
(244, 271993555164069890, 1023277473418461294, 'Команда 2', 'Мид', 0);

-- --------------------------------------------------------

--
-- Структура таблицы `users`
--
-- Создание: Сен 08 2022 г., 19:57
-- Последнее обновление: Сен 24 2022 г., 16:04
--

DROP TABLE IF EXISTS `users`;
CREATE TABLE `users` (
  `id` bigint(20) NOT NULL,
  `user_name` varchar(100) NOT NULL,
  `rating` varchar(20) NOT NULL,
  `rating_value` int(11) NOT NULL,
  `role_1` varchar(10) NOT NULL,
  `role_2` varchar(10) NOT NULL,
  `role_3` varchar(10) NOT NULL,
  `role_4` varchar(10) NOT NULL,
  `role_5` varchar(10) NOT NULL,
  `ban` tinyint(1) NOT NULL DEFAULT '0',
  `discord_name` varchar(100) NOT NULL
) ENGINE=InnoDB DEFAULT CHARSET=utf8;

--
-- Дамп данных таблицы `users`
--

INSERT INTO `users` (`id`, `user_name`, `rating`, `rating_value`, `role_1`, `role_2`, `role_3`, `role_4`, `role_5`, `ban`, `discord_name`) VALUES
(87830439460364288, 'Fabio', 'Алмаз 2', 2200, 'Саппорт', 'Бот', 'Топ', 'Мид', 'Лес', 0, 'mexanic21'),
(132211807241633792, 'Genja007', 'Платина 2', 1800, 'Бот', 'Мид', 'Лес', 'Саппорт', 'Топ', 0, 'f0lloVVmE'),
(141579934731599872, 'FerociousBear', 'Серебро 2', 1000, 'Саппорт', 'Мид', 'Топ', 'Бот', 'Лес', 0, 'FerociousBear (Саня)'),
(157745187328753664, 'IRifeoRI', 'Золото 1', 1500, 'Топ', 'Лес', 'Мид', 'Саппорт', 'Бот', 0, ' '),
(165167705425575936, 'Skleon', 'Платина 1', 1900, 'Лес', 'Саппорт', 'Топ', 'Мид', 'Бот', 0, ' '),
(175103509908160512, 'Юми', 'Серебро 2', 1000, 'Мид', 'Бот', 'Саппорт', 'Лес', 'Топ', 0, 'Yumi'),
(178963010751168512, 'suglinca', 'Алмаз 4', 2000, 'Топ', 'Лес', 'Мид', 'Бот', 'Саппорт', 0, 'Ябля'),
(189708173236633600, 'AsherPaws', 'Золото 2', 1400, 'Топ', 'Мид', 'Бот', 'Лес', 'Саппорт', 0, 'Кот-колдун'),
(193875459757309952, 'Budget Bwipo', 'Платина 4', 1600, 'Лес', 'Мид', 'Бот', 'Топ', 'Саппорт', 0, 'ImNikita'),
(209355281874944001, 'Irukandji1337', 'Алмаз 3', 2100, 'Топ', 'Саппорт', 'Мид', 'Лес', 'Бот', 0, 'Irukan'),
(210884350902927361, 'INNI Aurora', 'Алмаз 4', 2000, 'Саппорт', 'Лес', 'Мид', 'Топ', 'Бот', 0, 'Aurora Watch'),
(216963290117439488, 'Ромчик', 'Алмаз 3', 2100, 'Мид', 'Саппорт', 'Топ', 'Лес', 'Бот', 0, ' '),
(219763582114463744, 'Дёня Животное', 'Железо 4', 0, 'Саппорт', 'Топ', 'Лес', 'Мид', 'Бот', 0, 'ZalmanZ9Plus'),
(224616002749595649, 'SeveR31', 'Алмаз 1', 2300, 'Бот', 'Саппорт', 'Мид', 'Лес', 'Топ', 0, 'Конская палка Соны'),
(230372449777221632, 'Spokoinoy Nochi', 'Алмаз 1', 2300, 'Бот', 'Лес', 'Саппорт', 'Мид', 'Топ', 0, ' '),
(231104816481435648, 'Himeera', 'Мастер+', 2500, 'Саппорт', 'Бот', 'Мид', 'Лес', 'Топ', 0, ' '),
(235898926593474563, 'Murrmuar', 'Серебро 1', 1100, 'Саппорт', 'Бот', 'Мид', 'Лес', 'Топ', 0, ' '),
(236559691533123595, 'Shangrilla', 'Золото 1', 1500, 'Лес', 'Мид', 'Саппорт', 'Топ', 'Бот', 0, ' '),
(243305694453825537, 'balberchik', 'Бронза 3', 500, 'Мид', 'Саппорт', 'Топ', 'Бот', 'Лес', 0, 'balberchik'),
(249531630266482707, 'Enfunsion', 'Мастер+', 2500, 'Бот', 'Топ', 'Мид', 'Саппорт', 'Лес', 0, 'Enfunsion'),
(249952362750279680, 'MrKaisеr', 'Золото 1', 1500, 'Мид', 'Топ', 'Бот', 'Лес', 'Саппорт', 0, ' '),
(252508236526256139, 'G2 Hentai Ornn', 'Платина 2', 1800, 'Топ', 'Саппорт', 'Мид', 'Лес', 'Бот', 0, 'Deus Vult'),
(252514308271898625, 'Fad3Rn', 'Платина 4', 1600, 'Топ', 'Мид', 'Бот', 'Лес', 'Саппорт', 0, ' '),
(255412017769218048, 'Sarkaras', 'Бронза 4', 400, 'Саппорт', 'Лес', 'Топ', 'Бот', 'Мид', 0, 'Kronkvo'),
(258478668559417344, 'hobik', 'Мастер+', 2500, 'Топ', 'Лес', 'Бот', 'Мид', 'Саппорт', 0, ' '),
(262518812841213953, 'Leorinn', 'Золото 3', 1300, 'Саппорт', 'Мид', 'Бот', 'Топ', 'Лес', 0, 'Murrriya'),
(264462303234097152, 'ени крута', 'Мастер+', 2500, 'Саппорт', 'Лес', 'Мид', 'Топ', 'Бот', 0, '( ˘⌣˘)♡(˘⌣˘ )'),
(268366463620874241, 'Чел справа гeй ', 'Платина 4', 1600, 'Топ', 'Лес', 'Саппорт', 'Мид', 'Бот', 0, ' '),
(268629190566215681, 'RCT Reaper', 'Серебро 1', 1100, 'Бот', 'Саппорт', 'Мид', 'Лес', 'Топ', 0, ' '),
(271331681322008577, 'еж сатанa', 'Золото 3', 1300, 'Топ', 'Мид', 'Бот', 'Лес', 'Саппорт', 0, ' '),
(271993555164069890, 'Pomka', 'Платина 1', 1900, 'Мид', 'Топ', 'Лес', 'Бот', 'Саппорт', 0, 'Pomka'),
(272348988236365824, 'ULTIMATIVE SVETA', 'Алмаз 1', 2300, 'Мид', 'Саппорт', 'Бот', 'Лес', 'Топ', 0, ' '),
(277851929780944896, 'Венлафаксин', 'Серебро 2', 1000, 'Бот', 'Мид', 'Лес', 'Топ', 'Саппорт', 0, ' '),
(278187544481628160, 'ValmarxTobias', 'Платина 2', 1800, 'Мид', 'Топ', 'Бот', 'Саппорт', 'Лес', 0, ' '),
(279154094307016705, 'Stick2g', 'Серебро 2', 1000, 'Бот', 'Топ', 'Мид', 'Саппорт', 'Лес', 0, ' '),
(279279844632690698, 'NotNewX', 'Платина 1', 1900, 'Топ', 'Мид', 'Бот', 'Лес', 'Саппорт', 0, 'RiadX(The End)'),
(282190950183469057, 'МurМur', 'Платина 4', 1600, 'Бот', 'Мид', 'Саппорт', 'Лес', 'Топ', 0, 'Ненaвижу людей'),
(282882184220770304, 'Dragon of Shadow', 'Платина 2', 1800, 'Мид', 'Бот', 'Лес', 'Саппорт', 'Топ', 0, 'DragonDolbik'),
(283223560754036737, 'Negative IQ MID ', 'Платина 3', 1700, 'Мид', 'Саппорт', 'Лес', 'Бот', 'Топ', 0, ' '),
(283241843766853632, 'KeNaNFoR', 'Платина 1', 1900, 'Мид', 'Лес', 'Бот', 'Топ', 'Саппорт', 0, '4riz'),
(284070185961390080, 'BanKuYi ded', 'Алмаз 2', 2200, 'Лес', 'Бот', 'Топ', 'Мид', 'Саппорт', 0, 'BanKuYi ded'),
(291452265317924864, 'Trinityfley', 'Платина 1', 1900, 'Саппорт', 'Топ', 'Мид', 'Лес', 'Бот', 0, 'FarseerKarma'),
(293310291607945216, 'IWantMyBlade', 'Мастер+', 2500, 'Топ', 'Мид', 'Бот', 'Саппорт', 'Лес', 0, 'IWantMyBlade'),
(298472656401989634, 'INNI InMyHeart', 'Платина 4', 1600, 'Лес', 'Саппорт', 'Бот', 'Топ', 'Мид', 0, ' '),
(302759772552298497, 'Arhifant', 'Платина 2', 1800, 'Бот', 'Мид', 'Топ', 'Лес', 'Саппорт', 0, ' '),
(307211781556797440, 'Лимонная Лолька', 'Золото 3', 1300, 'Саппорт', 'Бот', 'Лес', 'Топ', 'Мид', 0, ' '),
(307942161616207874, 'Василь соляра', 'Золото 1', 1500, 'Топ', 'Бот', 'Мид', 'Саппорт', 'Лес', 0, 'Balvd'),
(309020489228222465, 'ufys', 'Платина 3', 1700, 'Саппорт', 'Мид', 'Топ', 'Бот', 'Лес', 0, ' '),
(311892439130701834, 'Ахмад Гази ', 'Платина 4', 1600, 'Топ', 'Мид', 'Лес', 'Саппорт', 'Бот', 0, ' '),
(312184593786601473, 'Shtarmagedon', 'Серебро 1', 1100, 'Бот', 'Мид', 'Топ', 'Лес', 'Саппорт', 0, 'Shtarmagedon'),
(313716866411397121, 'Hentai Shaco', 'Платина 1', 1900, 'Бот', 'Саппорт', 'Лес', 'Топ', 'Мид', 0, 'Haul'),
(314389432981782528, 'DonKoval', 'Платина 4', 1600, 'Мид', 'Саппорт', 'Топ', 'Лес', 'Бот', 0, ' '),
(315511180888113153, 'Принцесса Франца', 'Алмаз 4', 2000, 'Мид', 'Саппорт', 'Бот', 'Лес', 'Топ', 0, ' '),
(318814093584629760, 'ALT F4 PIG', 'Серебро 2', 1000, 'Лес', 'Топ', 'Мид', 'Саппорт', 'Бот', 0, ' '),
(318927755075125250, 'SlayeR FANBOY', 'Платина 2', 1800, 'Мид', 'Лес', 'Топ', 'Саппорт', 'Бот', 0, ' '),
(319107078230900737, 'sasat bush', 'Серебро 4', 800, 'Мид', 'Топ', 'Лес', 'Саппорт', 'Бот', 0, ' '),
(320286339079602177, 'K1ndred', 'Платина 3', 1700, 'Лес', 'Топ', 'Мид', 'Бот', 'Саппорт', 0, 'Жижа'),
(325331983716712449, 'MonsTer WaifU', 'Платина 1', 1900, 'Бот', 'Топ', 'Мид', 'Лес', 'Саппорт', 0, ' '),
(325373132099682307, 'ени крута', 'Мастер+', 2500, 'Саппорт', 'Лес', 'Мид', 'Топ', 'Бот', 0, ' '),
(325879029141995520, 'yatagod', 'Серебро 1', 1100, 'Бот', 'Мид', 'Саппорт', 'Лес', 'Топ', 0, ' '),
(326713059877847050, '6ix9ineKizaru', 'Алмаз 4', 2000, 'Лес', 'Топ', 'Мид', 'Саппорт', 'Бот', 0, ' '),
(328532262880804868, 'Rafinaks', 'Золото 4', 1200, 'Саппорт', 'Лес', 'Мид', 'Топ', 'Бот', 0, 'D?'),
(335091359469928449, 'TILTDA', 'Платина 1', 1900, 'Мид', 'Топ', 'Лес', 'Бот', 'Саппорт', 0, 'TILTDA'),
(340883694392836096, 'ZXC X ZЕD', 'Золото 4', 1200, 'Топ', 'Мид', 'Бот', 'Лес', 'Саппорт', 0, ' '),
(345482229683847170, 'Idkie', 'Серебро 2', 1000, 'Саппорт', 'Лес', 'Бот', 'Топ', 'Мид', 0, '?????'),
(347601471363350530, 'DeathMamay', 'Золото 4', 1200, 'Мид', 'Саппорт', 'Лес', 'Бот', 'Топ', 0, 'DeathMamay'),
(348292952067538945, 'Vatroosha', 'Платина 4', 1600, 'Лес', 'Мид', 'Топ', 'Саппорт', 'Бот', 0, 'Batrosha'),
(349985050642612224, 'PIYROF', 'Золото 3', 1300, 'Бот', 'Топ', 'Саппорт', 'Лес', 'Мид', 0, ' '),
(352525312401342467, 'Wolf Frakken', 'Золото 4', 1200, 'Саппорт', 'Лес', 'Топ', 'Мид', 'Бот', 0, ' '),
(353916105020014592, 'musor1dz3', 'Платина 4', 1600, 'Мид', 'Бот', 'Топ', 'Саппорт', 'Лес', 0, ' '),
(356368773659492355, 'tutupapatutu', 'Платина 3', 1700, 'Мид', 'Топ', 'Бот', 'Саппорт', 'Лес', 0, ' '),
(366211242563469315, 'Effex0', 'Серебро 4', 800, 'Мид', 'Топ', 'Бот', 'Саппорт', 'Лес', 0, 'Effex0'),
(371279933751820289, 'OWRLx12', 'Серебро 2', 1000, 'Топ', 'Лес', 'Мид', 'Саппорт', 'Бот', 0, ' '),
(371956148896661504, 'МамеПриветУе60к', 'Серебро 3', 900, 'Топ', 'Саппорт', 'Мид', 'Бот', 'Лес', 0, 'autistiolip'),
(373765350761824256, 'NecoNero ', 'Золото 2', 1400, 'Мид', 'Топ', 'Бот', 'Лес', 'Саппорт', 0, ' '),
(373903176237056012, 'FlameNitor', 'Серебро 4', 800, 'Топ', 'Мид', 'Бот', 'Саппорт', 'Лес', 0, 'FlameNitor'),
(376424491561123850, 'Rebgenloth', 'Алмаз 1', 2300, 'Лес', 'Саппорт', 'Бот', 'Мид', 'Топ', 0, ' '),
(384663752915681280, 'Medved0510', 'Платина 3', 1700, 'Топ', 'Бот', 'Мид', 'Лес', 'Саппорт', 0, ' '),
(385829798305595397, 'NeoFox', 'Мастер+', 2500, 'Топ', 'Лес', 'Мид', 'Бот', 'Саппорт', 0, 'NeoFox'),
(400128104204337154, 'k3trin', 'Платина 3', 1700, 'Топ', 'Мид', 'Бот', 'Лес', 'Саппорт', 0, ' '),
(400237158532775939, 'Твоя Пошласть', 'Бронза 1', 700, 'Мид', 'Топ', 'Бот', 'Саппорт', 'Лес', 0, ' '),
(401770040082432010, 'Bakron', 'Серебро 2', 1000, 'Мид', 'Саппорт', 'Лес', 'Топ', 'Бот', 0, 'badanuk'),
(405777929390522380, 'MOODSsasori', 'Золото 4', 1200, 'Мид', 'Лес', 'Бот', 'Саппорт', 'Топ', 0, ' '),
(406026202135003147, 'DollyNyan', 'Бронза 2', 600, 'Саппорт', 'Бот', 'Мид', 'Топ', 'Лес', 0, 'FoggyFroggy'),
(406476137091563521, 'polhengt', 'Золото 4', 1200, 'Мид', 'Бот', 'Лес', 'Саппорт', 'Топ', 0, ' '),
(407163703532978177, 'MeaT1989', 'Бронза 4', 400, 'Бот', 'Лес', 'Топ', 'Саппорт', 'Мид', 0, 'Parl1k( Димас)'),
(416295370759602198, 'Polhen', 'Золото 3', 1300, 'Мид', 'Лес', 'Бот', 'Саппорт', 'Топ', 0, ' '),
(419420347155087371, 'morceau ', 'Золото 4', 1200, 'Саппорт', 'Мид', 'Бот', 'Топ', 'Лес', 0, ' '),
(422267309042696202, 'Аларик', 'Золото 2', 1400, 'Топ', 'Бот', 'Мид', 'Лес', 'Саппорт', 0, 'mexanic21'),
(425878533470945282, 'depressed king', 'Алмаз 1', 2300, 'Мид', 'Топ', 'Лес', 'Бот', 'Саппорт', 0, 'depressed kid L9'),
(428229735667990528, 'Milka02', 'Золото 1', 1500, 'Саппорт', 'Лес', 'Бот', 'Топ', 'Мид', 0, 'Milkka'),
(432117751872618496, 'павтьдолавть', 'Золото 4', 1200, 'Саппорт', 'Топ', 'Мид', 'Лес', 'Бот', 0, ' '),
(434249954228436993, 'VeoRomi', 'Платина 4', 1600, 'Мид', 'Топ', 'Бот', 'Лес', 'Саппорт', 0, 'VeoRomi'),
(441178893479575562, 'Nae6kaDl9Uebka', 'Серебро 1', 1100, 'Мид', 'Топ', 'Саппорт', 'Бот', 'Лес', 0, 'Dnz'),
(442594702387183626, 'Точно не Шрек', 'Алмаз 3', 2100, 'Мид', 'Топ', 'Бот', 'Лес', 'Саппорт', 0, ' '),
(444177351883096065, 'Retrypal', 'Платина 1', 1900, 'Топ', 'Лес', 'Мид', 'Саппорт', 'Бот', 0, 'Биба плыл по морю...'),
(444837746079694859, 'snowman99', 'Железо 1', 300, 'Лес', 'Топ', 'Саппорт', 'Бот', 'Мид', 0, ' '),
(445157781583036417, 'ToxicDRAVEN ', 'Платина 3', 1700, 'Бот', 'Саппорт', 'Лес', 'Топ', 'Мид', 0, ' '),
(447136634563985408, 'NickyyTSK', 'Бронза 3', 500, 'Бот', 'Саппорт', 'Топ', 'Мид', 'Лес', 0, ' '),
(449522118112182273, 'KоgMeоw', 'Золото 3', 1300, 'Мид', 'Саппорт', 'Бот', 'Топ', 'Лес', 0, ' '),
(451310739899285514, 'Tiranda Kin ', 'Серебро 1', 1100, 'Саппорт', 'Бот', 'Мид', 'Топ', 'Лес', 0, 'Виктория'),
(451701267937624075, 'Dumbеst', 'Серебро 2', 1000, 'Саппорт', 'Лес', 'Мид', 'Топ', 'Бот', 0, 'DUMBEST'),
(455242436042817536, 'Kryghownik Tarro', 'Бронза 1', 700, 'Саппорт', 'Лес', 'Мид', 'Бот', 'Топ', 0, ' '),
(459340455352467456, 'OweAlone', 'Платина 4', 1600, 'Саппорт', 'Бот', 'Топ', 'Мид', 'Лес', 0, ' '),
(460501040077340682, 'Оливка Сайкса', 'Золото 3', 1300, 'Лес', 'Топ', 'Мид', 'Бот', 'Саппорт', 0, 'Киллер Кринж'),
(466459471699378187, 'SKiner1525', 'Серебро 3', 900, 'Топ', 'Мид', 'Бот', 'Лес', 'Саппорт', 0, 'SKiner'),
(469035000273305600, 'babulehs fart', 'Алмаз 1', 2300, 'Топ', 'Лес', 'Мид', 'Бот', 'Саппорт', 0, 'babuleh'),
(471622832715988993, 'Crimson Ripper', 'Платина 1', 1900, 'Мид', 'Топ', 'Саппорт', 'Бот', 'Лес', 0, ' '),
(474999493041848331, 'Любитель турелик', 'Алмаз 2', 2200, 'Топ', 'Мид', 'Бот', 'Лес', 'Саппорт', 0, ' '),
(479546758477905921, 'sheesh adc', 'Золото 3', 1300, 'Бот', 'Саппорт', 'Мид', 'Топ', 'Лес', 0, ' '),
(495617214422974471, 'Dreikerien', 'Бронза 3', 500, 'Саппорт', 'Топ', 'Лес', 'Мид', 'Бот', 0, ' '),
(495831776724516875, 'Kitsunamii', 'Золото 1', 1500, 'Мид', 'Саппорт', 'Бот', 'Топ', 'Лес', 0, '???? ????????'),
(501048916939243531, 'L1rozet', 'Серебро 1', 1100, 'Мид', 'Саппорт', 'Бот', 'Топ', 'Лес', 0, ' '),
(501076937314140161, 'TechnoMouse', 'Алмаз 3', 2100, 'Бот', 'Мид', 'Топ', 'Саппорт', 'Лес', 0, 'TechnoMouse'),
(506353278402166795, 'Милый кицу', 'Платина 3', 1700, 'Мид', 'Топ', 'Бот', 'Лес', 'Саппорт', 0, 'Милая Кицу'),
(507405342880169995, 'DDGOD09', 'Золото 4', 1200, 'Бот', 'Саппорт', 'Топ', 'Лес', 'Мид', 0, 'DDGOD'),
(508518977178173450, 'Unbroken Kaito', 'Мастер+', 2500, 'Лес', 'Топ', 'Мид', 'Бот', 'Саппорт', 0, ' '),
(512175815950336020, 'DixenFive', 'Золото 4', 1200, 'Бот', 'Мид', 'Топ', 'Лес', 'Саппорт', 0, ' '),
(527498665666019328, 'TecPan', 'Золото 3', 1300, 'Топ', 'Лес', 'Бот', 'Саппорт', 'Мид', 0, ' '),
(529297337605160980, 'vaness ', 'Золото 4', 1200, 'Лес', 'Топ', 'Мид', 'Бот', 'Саппорт', 0, ' '),
(530085553279074324, 'руля', 'Золото 2', 1400, 'Мид', 'Саппорт', 'Бот', 'Лес', 'Топ', 0, ' '),
(531953143995695104, 'Хинкаль', 'Золото 4', 1200, 'Мид', 'Бот', 'Топ', 'Лес', 'Саппорт', 0, 'Sir'),
(536915548873949194, 'Ugandan', 'Железо 1', 300, 'Топ', 'Бот', 'Мид', 'Саппорт', 'Лес', 0, 'Шланг Цунг'),
(539779706757578756, 'TerRUbt', 'Бронза 1', 700, 'Бот', 'Мид', 'Лес', 'Топ', 'Саппорт', 0, ' '),
(541954397752786964, 'moonrxze', 'Золото 2', 1400, 'Топ', 'Мид', 'Бот', 'Лес', 'Саппорт', 0, ' '),
(544221242425606144, 'Warleggen', 'Алмаз 2', 2200, 'Саппорт', 'Лес', 'Мид', 'Топ', 'Бот', 0, ' '),
(545438186491346965, 'Kokushibo', 'Серебро 3', 900, 'Мид', 'Топ', 'Лес', 'Бот', 'Саппорт', 0, ' '),
(546024588669222922, 'Dingo1519', 'Платина 4', 1600, 'Топ', 'Мид', 'Лес', 'Саппорт', 'Бот', 0, 'Dingo1519'),
(546049835401478154, 'Mundotherapy', 'Золото 1', 1500, 'Саппорт', 'Топ', 'Лес', 'Мид', 'Бот', 0, 'wanna de chalandger'),
(546421701878218753, 'R4D1ON', 'Платина 4', 1600, 'Лес', 'Саппорт', 'Мид', 'Топ', 'Бот', 0, '[[BIG SHOT!!!]]'),
(554634979942858777, 'CoinflipKatahri', 'Алмаз 3', 2100, 'Мид', 'Саппорт', 'Бот', 'Лес', 'Топ', 0, ' '),
(555031963518631936, 'eatmean', 'Платина 4', 1600, 'Саппорт', 'Бот', 'Лес', 'Мид', 'Топ', 0, ' '),
(573160163683336218, 'plaiyngwithdolls', 'Серебро 2', 1000, 'Мид', 'Топ', 'Бот', 'Лес', 'Саппорт', 0, ' '),
(582855387435368467, 'Argus878787', 'Серебро 1', 1100, 'Топ', 'Мид', 'Лес', 'Бот', 'Саппорт', 0, ' '),
(595170492139307018, 'Финн Пaрнишкa', 'Платина 3', 1700, 'Топ', 'Мид', 'Саппорт', 'Лес', 'Бот', 0, 'Артёмка не гей'),
(596686015121588225, 'Fallen649', 'Бронза 3', 500, 'Лес', 'Бот', 'Саппорт', 'Топ', 'Мид', 0, 'Fallen649'),
(597410261808185354, 'TiranPupka', 'Серебро 2', 1000, 'Топ', 'Лес', 'Мид', 'Саппорт', 'Бот', 0, 'TiranPupka'),
(598834824685551626, 'XxDinos', 'Золото 2', 1400, 'Мид', 'Топ', 'Лес', 'Саппорт', 'Бот', 0, 'Goglard'),
(604625535368298496, 'w0nderfulman', 'Серебро 3', 900, 'Бот', 'Саппорт', 'Топ', 'Мид', 'Лес', 0, ' '),
(619855973334384660, 'Душное Чудовище', 'Золото 1', 1500, 'Лес', 'Топ', 'Мид', 'Саппорт', 'Бот', 0, 'RobiNN'),
(627471897147211776, 'ForenP', 'Золото 2', 1400, 'Мид', 'Топ', 'Саппорт', 'Лес', 'Бот', 0, ' '),
(647882829434191873, 'Negative IQ Yato', 'Золото 4', 1200, 'Топ', 'Мид', 'Саппорт', 'Бот', 'Лес', 0, ' '),
(663794913741242368, 'FLollipop', 'Бронза 3', 500, 'Мид', 'Саппорт', 'Бот', 'Топ', 'Лес', 0, 'FLollipop'),
(685815604216725705, 'PorosenokPeitr', 'Серебро 4', 800, 'Саппорт', 'Бот', 'Топ', 'Мид', 'Лес', 0, 'Pillom'),
(690836313917882388, 'TheKillStealer', 'Золото 4', 1200, 'Топ', 'Мид', 'Саппорт', 'Лес', 'Бот', 0, ' '),
(694250981101142126, '1Nantomo1', 'Серебро 2', 1000, 'Лес', 'Топ', 'Саппорт', 'Мид', 'Бот', 0, 'Nantomo'),
(695918197140094986, 'COBRА', 'Платина 2', 1800, 'Мид', 'Саппорт', 'Лес', 'Топ', 'Бот', 0, ' '),
(696414451250757653, 'QuNL', 'Золото 4', 1200, 'Топ', 'Лес', 'Бот', 'Саппорт', 'Мид', 0, 'Джун младший'),
(715154871560699945, 'Enfunsion1', 'Алмаз 1', 2300, 'Бот', 'Топ', 'Мид', 'Лес', 'Саппорт', 0, ' '),
(722770021264392272, 'BellumDaemonium', 'Платина 3', 1700, 'Лес', 'Топ', 'Бот', 'Мид', 'Саппорт', 0, 'mk_sig'),
(728213470046191656, 'Тоскa ', 'Мастер+', 2500, 'Саппорт', 'Мид', 'Бот', 'Лес', 'Топ', 0, ' '),
(729998120737308704, 'Adnirallrya', 'Золото 2', 1400, 'Лес', 'Мид', 'Топ', 'Саппорт', 'Бот', 0, 'AdmiralIrya 鮫'),
(732259888503455784, 'MotherLolia', 'Серебро 4', 800, 'Бот', 'Лес', 'Топ', 'Мид', 'Саппорт', 0, 'MotherLolia'),
(735921657960595576, 'COFAVO', 'Бронза 4', 400, 'Мид', 'Топ', 'Саппорт', 'Бот', 'Лес', 0, ' '),
(737185807072231454, 'BLIN OLEG', 'Золото 3', 1300, 'Саппорт', 'Бот', 'Мид', 'Топ', 'Лес', 0, ' '),
(765899145550364733, 'Anna Asakura', 'Серебро 1 ', 1100, 'Саппорт', 'Мид', 'Лес', 'Топ', 'Бот', 0, 'Anna Asakura'),
(772563912041693235, 'Blidun', 'Бронза 4', 400, 'Лес', 'Топ', 'Мид', 'Бот', 'Саппорт', 0, 'ХИХИХИ ХА'),
(782221789094084668, 'Feabrise', 'Золото 4', 1200, 'Мид', 'Лес', 'Саппорт', 'Бот', 'Топ', 0, ' '),
(785050307301867522, 'DIE4YOU', 'Серебро 3', 900, 'Бот', 'Лес', 'Мид', 'Саппорт', 'Топ', 0, 'OSKALIT'),
(829703584932954183, 'MirBils', 'Железо 1', 300, 'Мид', 'Топ', 'Лес', 'Саппорт', 'Бот', 0, ' '),
(843177475017277471, 'Сук', 'Мастер+', 2500, 'Топ', 'Мид', 'Саппорт', 'Бот', 'Лес', 0, ' '),
(846060243410878484, 'КисуляКис', 'Серебро 4', 800, 'Лес', 'Мид', 'Саппорт', 'Топ', 'Бот', 0, ' '),
(853545183793774632, 'PapaGodGamaer', 'Серебро 4', 800, 'Мид', 'Саппорт', 'Топ', 'Бот', 'Лес', 0, ' '),
(917832705859809310, 'BorusoDie', 'Серебро 1', 1100, 'Топ', 'Мид', 'Лес', 'Саппорт', 'Бот', 0, ' '),
(924164706195865630, 'Пажилой жмыхъ', 'Золото 4', 1200, 'Топ', 'Лес', 'Мид', 'Саппорт', 'Бот', 0, ' '),
(931892860834414624, 'Morluck', 'Мастер+', 2500, 'Мид', 'Бот', 'Саппорт', 'Лес', 'Топ', 0, ' '),
(934397371805216809, '17 elusive', 'Алмаз 2', 2200, 'Мид', 'Топ', 'Лес', 'Бот', 'Саппорт', 0, 'elusive'),
(941309564672954399, 'moonrxze ', 'Платина 4', 1600, 'Топ', 'Мид', 'Бот', 'Лес', 'Саппорт', 0, ' '),
(959278229988966410, 'Неофит прайм', 'Золото 4', 1200, 'Топ', 'Саппорт', 'Бот', 'Мид', 'Лес', 0, 'Неофит прайм'),
(959693548561768499, 'Shinproxy', 'Алмаз 4', 2000, 'Мид', 'Бот', 'Саппорт', 'Лес', 'Топ', 0, ' '),
(982726136721211402, 'Danichid', 'Платина 1', 1900, 'Бот', 'Мид', 'Саппорт', 'Топ', 'Лес', 0, ' ');

--
-- Индексы сохранённых таблиц
--

--
-- Индексы таблицы `error_mes`
--
ALTER TABLE `error_mes`
  ADD PRIMARY KEY (`id`);

--
-- Индексы таблицы `events`
--
ALTER TABLE `events`
  ADD PRIMARY KEY (`id`);

--
-- Индексы таблицы `event_to_users`
--
ALTER TABLE `event_to_users`
  ADD PRIMARY KEY (`id`),
  ADD KEY `event_to_users_ibfk_1` (`id_user`),
  ADD KEY `event_to_users_ibfk_2` (`id_event`);

--
-- Индексы таблицы `users`
--
ALTER TABLE `users`
  ADD PRIMARY KEY (`id`);

--
-- AUTO_INCREMENT для сохранённых таблиц
--

--
-- AUTO_INCREMENT для таблицы `event_to_users`
--
ALTER TABLE `event_to_users`
  MODIFY `id` int(11) NOT NULL AUTO_INCREMENT, AUTO_INCREMENT=245;
COMMIT;

/*!40101 SET CHARACTER_SET_CLIENT=@OLD_CHARACTER_SET_CLIENT */;
/*!40101 SET CHARACTER_SET_RESULTS=@OLD_CHARACTER_SET_RESULTS */;
/*!40101 SET COLLATION_CONNECTION=@OLD_COLLATION_CONNECTION */;
